mean_a,var_a,rms_a,sma_a,mean_g,var_g,dom_freq,spectral_energy,activity
0.3591575979303984,0.007571848617893812,0.36954841194223453,0.6206543302536011,0.00609357619881241,9.292965258953073e-07,0.0,1327.822950652867,Jump
1.3913755715952307,3.6804912283792377,2.3698981432988195,1.839143136292696,-0.11042711216830263,0.41589956694296304,0.0,37771.097073351295,Jump
3.933154690486067,8.602480616295317,4.90634145118212,5.355493780486285,-0.18087527547807744,11.960928088388634,0.0,197709.9689974115,Jump
5.3245271013232776,7.008349789340909,5.946338254931935,7.385154521279037,-0.11811791313967357,49.0628560541251,0.0,318548.0525270664,Jump
5.024422671270407,6.695173425128892,5.651548159991645,6.752152961306274,-0.09948066625744105,124.63047760545435,0.0,285934.31284843886,Jump
4.848222330925783,6.976956723025824,5.52107023077168,6.5168007350014525,0.0664661927241832,47.35854647881565,0.0,269939.01153699076,Jump
5.182662152169183,7.342420929402295,5.848282475473393,6.90928042363841,0.029445340828970074,5.37389349142952,0.0,305314.4146601602,Jump
4.605578954208994,7.370705551784508,5.346219510573552,5.941034246943891,0.01271350422097991,383.74758145075043,0.0,248969.6095946671,Jump
3.9214903673133032,11.099447669134163,5.145632552958402,5.059068709723651,-0.09940351450563563,16.12824774396714,0.0,209283.0739267295,Jump
5.995221370894208,8.4202026988,6.660546673121255,7.768626834009774,0.010747346552088864,31.781660985703535,0.0,401539.9925048459,Jump
6.066719245135225,8.20538150420531,6.708983820482759,8.018408208494074,0.026290794694796202,24.1724044137919,0.0,409078.55828303,Jump
5.320113328707609,7.289213565796606,5.965971789749676,7.226345526278019,0.01718812289303363,10.278783675566208,0.0,319484.14008554217,Jump
3.963515725337887,6.798221553410827,4.744225801794382,5.380529377618805,0.13792580931025442,5.191660989637218,0.0,191096.64796931983,Jump
1.677069574884755,5.993271656739909,2.9674625550702474,2.208071667456534,0.20407139556967493,12.67229313601223,0.0,58096.555322857035,Jump
4.116953889918795,9.557406856427875,5.148467363026143,5.841519188061357,-0.13781849051418252,6.6897944315369635,0.0,217284.4902899252,Jump
6.097314107879835,10.63391439452349,6.914560992910103,8.775034126006068,-0.08228899843214703,16.195752120968173,0.0,424944.81163514755,Jump
6.39796503237635,10.31561733624542,7.158880770885622,9.295261351466179,-0.04607386152570447,2.086119691639985,0.0,460917.76204690227,Jump
6.006434420420853,9.05699034773178,6.718202497286619,8.766395636424422,-0.05732050175623347,2.4781705341870994,0.0,406061.3668257062,Jump
5.261679110186467,7.5875184742422945,5.939089621551011,7.525896653570235,0.10511219756988188,4.029966424505534,0.0,314790.26548840146,Jump
4.079111657423283,7.978602795834451,4.961628231695818,5.5264819857478145,0.09864880883755785,11.109809367243704,0.0,206292.88115314,Jump
1.7348149786834959,6.3739893952976505,3.063261726585286,2.2547014267370105,0.011322473662876273,8.312036361949882,0.0,61970.62197930548,Jump
4.542706578158945,8.49253113390815,5.397102388240999,6.395789195932448,-0.17733318391852662,7.3735149194070475,0.0,248826.75946245575,Jump
5.642787192950764,8.296680082378648,6.335434269827745,7.943936433196068,-0.07166359337395987,2.6290301814181345,0.0,359895.4178778628,Jump
5.644834827219023,8.628677342091322,6.363398272045852,7.9583944337069985,-0.12689466181676834,4.185199400293537,0.0,361795.1459624083,Jump
6.009489535755344,8.820792753166572,6.703339259915133,8.40612904921174,0.04348735184292309,2.3491986618624154,0.0,405243.66789175797,Jump
5.964721587186167,8.817464112366467,6.6629848960515545,8.503243646025657,0.07516978717719515,7.309412657475687,0.0,399871.9907243362,Jump
5.137008493517457,9.140776314276362,5.960673835796324,7.270427732458338,0.039232227653265,1.720150326336525,0.0,309594.119775356,Jump
3.0339170388384273,7.52960674996605,4.090752907292273,4.107352449959144,0.1468772670999169,2.9613769033437425,0.0,129696.18047340128,Jump
3.941625778571061,9.385710495873852,4.992206353324126,5.460751421749592,-0.14559487898775844,8.108560175520926,0.0,202313.04629717625,Jump
5.5056748808158895,8.647610265227941,6.241799913364333,8.021079520881177,-0.010338949301561422,16.822403990029347,0.0,346370.38808821933,Jump
5.279737996509064,8.226782865428502,6.0085286199875965,7.991695611476898,-0.05419744120255928,5.41704821911983,0.0,319893.5731839294,Jump
5.664861271204839,8.804025737394163,6.394894757491375,8.658398019075394,-0.16615215959958732,4.662203129686643,0.0,364936.94318948744,Jump
5.823337101317133,9.368114728083654,6.578705778772925,8.688970582485199,-0.0719762107093508,19.07179844235342,0.0,385954.3136498411,Jump
4.136079856248568,10.382779149880758,5.2430845622730455,5.820716767162085,0.10324979703912202,25.43434270295055,0.0,222987.00286736173,Jump
2.0079485196479014,5.1697690366700275,3.0334182524383655,2.7019030633848162,-0.017405847510866195,3.108981039774246,0.0,66175.58708097356,Jump
1.1115665420659127,1.417448564202591,1.6288120645559332,1.5453878233861178,0.14248202006565405,1.38883465148238,0.0,19443.071900502666,Jump
4.527556417895454,14.2231590122306,5.892531385530069,6.487263757437468,-0.19210418121782524,1.404981663909829,0.0,276105.5207709166,Jump
6.558584131559927,10.123530121313534,7.289619738509219,9.609033782333135,-0.09975692102064689,11.41014109776775,0.0,480768.8848459437,Jump
6.045930772590549,9.446779660939615,6.782334300806543,8.952261899113655,-0.08647228605113925,19.34269045522881,0.0,412768.1886403605,Jump
6.124019215160224,9.718984158518204,6.871869869705757,9.205534757971764,-0.1600927300658077,9.762365817365213,0.0,423636.65729367564,Jump
6.271829328092228,9.864781263643904,7.014315674701397,9.66481232523918,-0.11241367217842102,1.4967190353177677,0.0,442683.40907764336,Jump
5.837326476075113,10.642562551675185,6.687072822989346,8.84315791130066,0.07327988473941029,1.3703067066277939,0.0,393963.0080559185,Jump
3.1102215158289646,11.014425611028054,4.548395704922063,4.604629508517682,0.3275898022701343,2.9838181359911506,0.0,151807.96871512584,Jump
0.3990420207764923,0.043053287534446996,0.44976418474555474,0.5625528866052627,-0.09807589170930442,0.007115042124914259,0.0,1807.6469361428221,Stand
0.37835308442178295,0.02752050087863475,0.4131241428071126,0.5045682378835045,-0.005813773668730096,0.00025625886241846285,0.0,1569.1606185111837,Stand
0.24806659921404736,0.011753798898457428,0.2707228038863373,0.319626379047986,0.00037292222506947356,0.00015348275010175486,0.0,674.1403738889899,Stand
0.2510120178677993,0.004130487124494936,0.25910908945569494,0.31696990516036744,0.007314774589807095,5.5649169701832856e-05,0.0,650.7239099691549,Stand
0.2537580453430989,0.0053168718804257695,0.2640265468788622,0.32002847843803456,-0.01995998744542399,0.0002754030710027851,0.0,670.5158197286203,Stand
0.24296139706897066,0.008089272217327373,0.25907433814068387,0.3134039288107305,-0.010505232815048652,0.00035546077844067167,0.0,630.7487673621614,Stand
0.3215355504586813,0.009110628941323133,0.3354038448647993,0.42599240725859994,0.0032321409775856063,6.578442337807829e-05,0.0,1079.4077264516372,Stand
1.0226700760208625,1.3522344042524574,1.5485762779537129,1.4627700149081648,0.06826073315552396,3.744713694440455,0.0,17219.71838507063,Stand
0.9924704023580078,1.431179044465237,1.5544055275319575,1.4380170331895352,0.13468967113003605,3.4950322860629943,0.0,17005.87205624107,Stand
0.5911405950399236,0.5188225278736375,0.93180992212886,0.8176748927496373,-0.04569516949142175,0.09365356479962698,0.0,6088.647975556852,Stand
0.18612637300911203,0.017835507789204022,0.22908193843847913,0.21818879975005978,-0.001337376474402847,0.0006174304891403106,0.0,435.64229563540556,Stand
0.11576325286668084,0.0006457277962000639,0.11851944359671605,0.1259472008794545,0.0020974105388934807,0.0002456028887519522,0.0,137.24049333095743,Stand
0.09698904959237684,0.0004752376026892486,0.09940881924417863,0.10594353497028336,0.009617935252463192,0.00016189853935153877,0.0,96.44501720762055,Stand
0.1127750578269089,0.002036532432691954,0.12146911583013435,0.1231718179583548,-0.003084922913112687,7.047851947096356e-05,0.0,137.3653385937497,Stand
0.17379702544232106,0.030686019109403172,0.24676187947493425,0.193076986982487,-0.030151273779968808,0.010592284868249787,0.0,455.48926358237725,Stand
0.8312725245167718,1.5374419620055675,1.4928013839831655,1.1288333639316261,-0.028279567932865273,0.7452246734248579,0.0,14598.672858793812,Stand
1.1710375909495518,1.4487031698798145,1.679295152525828,1.670821213540621,0.17680061993310422,6.2952854117318084,0.0,20956.817173022642,Stand
0.5587556951214275,0.30182857303451205,0.7836048110273071,0.8190870863199234,-0.10590238100577454,0.03165749911806217,0.0,4631.224875273569,Stand
0.2781721790311122,0.00562309289418199,0.2881021591052366,0.38597484341822563,-0.013297938034908524,0.0008657090719355673,0.0,801.9143422750703,Stand
0.25304529263963466,0.0026601986341978174,0.25824817281304463,0.33186888164840633,-0.012188039655156893,0.0001942791523553423,0.0,653.6204801713736,Stand
0.2909607873189396,0.0010153463780808551,0.29270040337406095,0.37688818104565136,-0.005578314045221004,0.00010247375128308025,0.0,851.6590367088025,Stand
0.29935755733110986,0.0007415825995391662,0.3005936288925431,0.3861467596143484,0.00371636311518765,6.653945615499178e-05,0.0,899.8574094051903,Stand
0.2652560214458574,0.002856512985229076,0.2705868989779702,0.34196815399453034,-0.008988711436686572,6.472346901534154e-05,0.0,717.9017661312878,Stand
0.6682742585579875,0.6889989541177358,1.065640389047339,0.985300052203238,0.11821768416266425,0.06984637564959052,0.0,7911.174308875854,Stand
0.7164411192024666,0.739512099686105,1.1192854760829285,1.0830739005096257,0.19471729590057904,0.178586617458962,0.0,8830.449422676955,Stand
0.5019004237483145,0.4492028517126829,0.8373212567894239,0.7260080286860466,-0.10050542996716101,0.3000420799715767,0.0,4765.055835552484,Stand
0.2364386473991957,0.004845656628883726,0.24647290036197675,0.302530590891838,-0.016437401762232174,0.00027692824350008865,0.0,583.2654932745991,Stand
0.22275149826657795,0.0024597826413243627,0.22820607490014297,0.2741693370044231,0.02683709948032627,4.381639708598932e-05,0.0,508.48303651942865,Stand
0.2124482576309712,0.0013115916041316583,0.21551300140494348,0.2606761290132999,0.01761425747152921,0.00014465238417940996,0.0,457.9017687367331,Stand
0.229690828527755,0.00020442227470374565,0.23013539272452274,0.28121225327253335,-0.001402116902463615,0.00013791128220251562,0.0,528.6008987719595,Stand
0.23347131204098484,0.0001619375757703239,0.2338178588600735,0.2850066700577735,0.004286610410830072,3.892273092548351e-05,0.0,545.8982444537138,Stand
0.23311920594313393,0.00021873703209706667,0.23358788755338822,0.2849482512474059,-0.0005910884287247173,6.0816907226225994e-06,0.0,544.5403332562443,Stand
0.5177465861557539,0.8820216051533822,1.0724192895641702,0.6721456170082091,0.07248526590653152,0.02322590172395821,0.0,7091.721527168352,Stand
0.7307225261980745,1.0283876975931316,1.2499372415791232,1.040689067915082,0.22248825590436652,0.08972489090353895,0.0,10481.492622446616,Stand
0.4951685190525197,0.14671393781295947,0.6260238015232528,0.7591235029697418,-0.05276561704929917,0.03010829819966358,0.0,3185.5445793408394,Stand
0.28965994807183115,0.0224705109633638,0.3261493468954671,0.44126585057005285,-0.09116286279866471,0.0009583367733563326,0.0,951.3878787870029,Stand
0.29628215138554664,0.023047529266574166,0.33291236458897416,0.426795889682835,-0.07691200054561098,0.0010388312732904964,0.0,993.0856160574843,Stand
0.32005954096193506,0.0065722141895756935,0.3301671151861437,0.44259583015344106,0.020718247733166207,7.82509090177603e-05,0.0,1057.2435313172784,Stand
0.4426289566996079,0.17994378485741563,0.6130776281731369,0.6182044350355863,-0.015829019348748263,0.00012350964016845804,0.0,2859.7869311728673,Stand
1.0236568322033879,1.0726536362134391,1.4562029207257188,1.4649296673387289,0.1855614134199762,6.725252039044737,0.0,15842.045497456274,Stand
0.8201595091602866,1.143713764223684,1.3477297149984213,1.1797082190215589,0.22649284511979204,6.615201224334062,0.0,12446.194299683944,Stand
0.5289261061509304,0.5145236754826301,0.8912275249624056,0.6503741804743186,-0.04099040950250734,0.19741013425737472,0.0,5370.313247278473,Stand
0.13790085773141939,0.001008141727003637,0.14150896893859696,0.15917976351920501,0.0059303951076193065,2.9649280492766492e-05,0.0,195.22038881933585,Stand
0.13510264868494723,0.00037240354268731793,0.1364739140802212,0.15584327250719057,0.004631596957866948,5.943755328491425e-05,0.0,184.38930401649938,Stand
0.1424998346424846,0.0001204492112651664,0.14292183907437178,0.16473727941513047,0.010998767707157327,7.075039931450975e-05,0.0,203.66427478789996,Stand
0.12763600156392635,0.0009119947951690921,0.13115999272032497,0.14795030409470186,0.006644756433136833,0.00028723888320235445,0.0,167.46976803953407,Stand
0.2027413672843293,0.2122111762144823,0.5033043196941603,0.2386265590228139,-0.012672704762953802,0.00024968349428992724,0.0,1473.3908058557608,Stand
0.8468938504804151,1.3478043167426292,1.4370224461448655,1.1182801390439272,0.10290525735680907,0.009036655379884358,0.0,13911.329955230069,Stand
0.08006443721036506,0.006334510016664589,0.11289297640897365,0.08305470749735817,-0.000312172727717552,1.0911073774001985e-13,0.0,95.78361003901746,Still
0.037770699366709265,0.0003934734416181637,0.04266262031648426,0.03911426698788987,9.267628304465865e-05,1.8953158833158797e-13,0.0,16.23384495829426,Still
0.0485669479440939,0.0006547203863708174,0.05489507098979966,0.05026755528524504,-3.9908453860947305e-06,2.1164009027409641e-13,0.0,26.8617837993582,Still
0.06770444953036096,0.0009728631969734794,0.07454364951612359,0.07005994528532015,9.489340993847322e-05,6.426287031062657e-15,0.0,50.70326819148671,Still
0.06890967886363435,0.0009495885279303414,0.07548597465105392,0.07133916951715932,0.00020752391894347796,5.564798275458318e-13,0.0,52.23365079430948,Still
0.08200957732953888,0.0011910694433349166,0.08897550346642907,0.08494516592472777,-0.00010996993189716236,2.2115566798633868e-13,0.0,73.21110081783786,Still
0.07290860757658116,0.0014483061759850615,0.08224336590109241,0.07548770811408743,7.360891244994967e-05,3.249195311292829e-13,0.0,60.3981865463185,Still
0.06117816134577578,0.001642151164411919,0.07338200453831778,0.06305234537227065,3.148333019150172e-05,2.1413522688479164e-13,0.0,45.63843012524618,Still
0.04858947199041522,0.001068257680310515,0.058559324352470625,0.05029121145606027,6.828778108077464e-05,9.462396733850678e-13,0.0,28.951209841706223,Still
0.07156876929007518,0.0014389634880316157,0.08100032238039316,0.07401648038998233,0.00013214129653836435,1.9500358282098153e-13,0.0,58.41645915975395,Still
0.09274724828741371,0.0008484687237676034,0.0972137890870157,0.09594145812094197,-0.000593748992250771,5.0273877601307e-09,0.0,90.26345142705138,Still
0.08878906718762586,0.0019595047405538595,0.09921191053801248,0.09190709752961979,-0.0009263193702887873,4.907043147845176e-09,0.0,88.63278893444804,Still
0.07189622009550081,0.0022675084817835763,0.0862355781902358,0.07436621477827417,-0.0003223715538721647,4.237264815160083e-13,0.0,63.028449305586726,Still
0.05040147292453392,0.001156098408338318,0.0607980828752095,0.05211390898562954,-0.00030552132603284835,3.033649143958003e-13,0.0,31.18357997008841,Still
0.04287893942142114,0.0006230464350858933,0.04961501668841599,0.044342133169993615,-0.0002022027965964873,3.1193254297252875e-13,0.0,21.50170804033785,Still
0.05373261940323374,0.002241977453975552,0.07161823679698015,0.055667819068767,-0.0003143898580553133,3.0742566546334716e-14,0.0,40.09598449644571,Still
0.03736216049526788,0.0006847287061075647,0.04561424934142533,0.038666177392005785,-0.000286897377081909,8.961848016651714e-14,0.0,17.38309580555431,Still
0.04835794466961062,0.0010459039469784474,0.058175551219112394,0.05003222960978733,-0.00015253894225072964,6.572330208629173e-13,0.0,28.614436611930927,Still
0.04881968324252587,0.0008155517528458628,0.05655893585231625,0.05049747020006166,-5.365468241507172e-05,4.784723438647355e-13,0.0,27.912487480106687,Still
0.0500420161974898,0.000587522371991559,0.05560328908528155,0.051733999494463064,0.00011617791887450265,4.759858029050649e-13,0.0,27.97986536597016,Still
0.042743951693342684,0.0006126430044546159,0.049393202070906764,0.04419228794053184,-3.0153048816526282e-05,7.307053255675041e-13,0.0,21.333709174816,Still
0.044290305501353516,0.0011152022725626216,0.055469211585940606,0.045798823721706725,-0.00011972533019919235,7.113156823219945e-13,0.0,25.19245827038532,Still
0.06980644300790495,0.0025018618882439126,0.08587666373153882,0.07194914053892702,0.00011972534460558603,3.149786068952671e-13,0.0,61.240710923256714,Still
0.05566434283245804,0.0012544664616608988,0.06597715911306216,0.05759850040078149,-0.002457473342995699,7.945785474214152e-08,0.0,37.25765465335923,Still
0.06877571790381043,0.0011792847612262173,0.07687251872035109,0.07119304109364735,-0.0023732221911389644,7.96013238600901e-08,0.0,53.19743290294491,Still
0.08217722915971963,0.0018112299222969388,0.09254364869976767,0.0849274963047354,0.0002607351721477823,2.6807659232298077e-13,0.0,76.58775635832572,Still
0.06848405414595021,0.0022853696725219845,0.08351907174285059,0.07069500598125147,0.00011839505532406894,6.602849566633297e-13,0.0,58.3281415431673,Still
0.044714688062328534,0.0008182519180653701,0.05308159046766323,0.04622980779036865,-0.00015253894525812839,4.3170354591301197e-13,0.0,24.08529447399489,Still
0.04898340623632569,0.0007038533883061255,0.055706619667854874,0.05067241394892321,-0.00010021454033752232,5.2318297586799336e-14,0.0,27.51300843282673,Still
0.04960853963841633,0.0008636064509184993,0.05765946284847633,0.05134811500087367,-3.2370185314599654e-05,1.8234185063678035e-14,0.0,28.928105410437958,Still
0.05309640157295539,0.001488940053301079,0.0656366354507726,0.054976157407509024,-1.1529107093035e-05,5.918659049458518e-13,0.0,35.63747053948437,Still
0.06652896769622058,0.001721102307616847,0.07840411883531125,0.06887809090316281,-0.00014721781578070137,8.266163606621318e-13,0.0,52.8665636504024,Still
0.05770509557023501,0.001272756139082221,0.06784271658661802,0.05970312323421226,-5.055069462590065e-05,2.89290437193815e-13,0.0,39.66271261709445,Still
0.03690050274187153,0.0005915229621653793,0.04419468367086982,0.038169699814170455,-1.3746241214294675e-05,4.828268820135254e-15,0.0,16.57608881260664,Still
0.053104752067543136,0.002477128998423406,0.07278216602010848,0.05495831886306391,0.0002492060776664063,2.4848296704491804e-13,0.0,40.58886451741729,Still
0.08010673340641311,0.003104023517805779,0.09757618692515056,0.08294895168393836,0.0002669431643638113,5.263775304852574e-13,0.0,79.69125308734175,Still
0.05693155979987332,0.00208896431463528,0.07300799145218168,0.058972449116408684,-0.00012061219235571232,8.622303501157208e-13,0.0,42.859048191318216,Still
0.14540722032571363,0.0029598012019294746,0.15525160522448747,0.15106163080781684,-0.0013076667540493174,1.3286690189080307e-10,0.0,226.2342161499378,Still
0.08351365851895126,0.0013124095540488758,0.09103263542965719,0.08655917312949883,-0.002431754661520242,1.0523689624906837e-07,0.0,76.30879458081648,Still
0.0688615098172563,0.00135583959490362,0.07808807289987188,0.0712204557098447,-0.0012411526801103417,1.0715840336360154e-07,0.0,54.19828367841233,Still
0.07697944379505324,0.0021093003406317578,0.08963891514084449,0.07961579877883182,-4.877699281981602e-05,1.4637972232768756e-13,0.0,69.80522749512775,Still
0.08323017800477903,0.0020705563345183343,0.0948568335188643,0.08614069003611789,2.5718770969730033e-05,5.996750439780544e-14,0.0,79.62543066942071,Still
0.08803577566069663,0.0010197171551820762,0.09364835797472681,0.09105899609625326,2.7492482040541056e-05,2.622141506460569e-13,0.0,82.60166186457678,Still
0.08201602293204009,0.0012243616593939457,0.08916832216085978,0.08482744408771381,-4.611642851765667e-05,2.56099227923593e-13,0.0,73.38981334365123,Still
0.8037631988064559,0.41987669182708165,1.0324301291528972,1.0921643286012113,-0.03328320494954821,2.7942916635813333,0.0,8559.737275509468,Walk
1.1312574883064404,0.8692176526863694,1.4659335447201436,1.4405325047392399,0.10533745557380218,3.6485933523393967,0.0,17143.54107372293,Walk
1.3665906286597298,0.9680202985897328,1.6839210922517502,1.6975960319954901,-0.3462044317358717,0.6034771553517231,0.0,23515.810585404477,Walk
1.0567165126147309,0.8634834311286675,1.407172064518517,1.2685078980773687,-0.48800047087386095,0.5290300192429997,0.0,15484.476571544246,Walk
1.0633613331682021,0.9394626040830594,1.438818935432918,1.2461987532395868,-0.15122241312327483,0.3331627109076194,0.0,16004.687176241454,Walk
1.4446489074385744,0.997667058943806,1.7563250054324435,1.8668493881914765,-0.0815790707054839,1.6658176398731002,0.0,25858.44136702457,Walk
1.918492361875507,2.8098824659452033,2.547645071143126,2.672588024418801,-0.09708660112650247,1.9100487862115811,0.0,50856.01352086351,Walk
1.2104161423799626,1.1775794060466473,1.6256342281646992,1.7260985764767975,-0.11131396558412232,0.6512536304096394,0.0,20538.974662759418,Walk
1.2536234683267649,1.0287637413080113,1.6125555933510134,1.6678584759682418,-0.08784868648668633,2.192425247334831,0.0,20859.644397378903,Walk
1.2964496116048463,1.1709100676421773,1.6886952546485505,1.6299632858298718,-0.3272337316659589,0.772894588113322,0.0,22662.395617244074,Walk
1.312891919872872,1.092116122309863,1.6780349566017203,1.6175240080821096,-0.3243505699529003,0.5842254953901037,0.0,22697.76450849463,Walk
1.348925091594781,1.0096882767620519,1.6820485068796438,1.7309070887294364,-0.16952797316325208,0.7618754782091791,0.0,23246.088746466456,Walk
1.331892757796874,1.0429575191094063,1.678361056918674,1.7865681955171748,-0.06026796220336109,0.8450945066369039,0.0,22954.203987175584,Walk
1.9699153190349836,2.463672627376795,2.5187772810523557,2.7228877860866487,0.15641494147634752,6.010645937744983,0.0,51125.08838524437,Walk
1.4976683462276605,2.835128450648266,2.25347263705166,2.087680854965001,-0.14388724215639134,8.392458978253805,0.0,36605.86090056487,Walk
1.85416317301433,1.4502337592649355,2.2109171923497053,2.474547778815031,0.0284760045039002,114.96588899396208,0.0,41631.71888061082,Walk
1.747097545601292,1.374438463528517,2.103993416666168,2.29030769251287,0.28934021791288006,2.745213762539187,0.0,37395.91893125293,Walk
1.4405534135959726,1.0397008574587079,1.7649065116548572,1.887996754841879,0.34653035005709776,0.16490055451951288,0.0,25950.524857978467,Walk
1.5827693853867726,1.5795006025390557,2.0210540640608006,2.0344923886004835,0.03963484729484965,3.542109746644662,0.0,32951.31990015613,Walk
1.4493797161970068,1.5268094713369116,1.904602591896857,1.862852378822863,-0.19645109919831158,0.30291984109924136,0.0,28641.972347122857,Walk
1.112675238397053,0.8845261458785777,1.4569050525070315,1.415568533865735,-0.3905303007244462,0.4856305347654206,0.0,16804.00526379791,Walk
1.2364015819562975,1.1624766828979889,1.6404772338444762,1.554141797143966,-0.24952932724151952,0.5788430887144113,0.0,21099.28989304475,Walk
2.2255217182945346,3.6309040739146368,2.9298209830150532,3.0538976641651243,0.02612273720403513,12.617972448771482,0.0,67685.5247965015,Walk
1.633166767530365,1.5655170472167255,2.057364998677266,2.21056538797915,0.0265413338675959,36.141384573814356,0.0,34504.17199892329,Walk
1.101278943895407,0.69738087207501,1.3820984712900863,1.3945461583562428,0.40962383308137457,2.445218722428495,0.0,15615.08559479048,Walk
0.8995651460409347,0.44409554526306877,1.1195146257350626,1.1260631368361647,0.37446227421984085,0.7225576536812883,0.0,10312.66883701491,Walk
1.1015969534680599,0.8334136341485261,1.4307094331270194,1.4184333149825397,0.07787512202349413,0.917711923270908,0.0,16302.653144074702,Walk
1.355679606569804,0.8521551841535024,1.640128769280864,1.7726377615069213,-0.2614451056944866,1.080729973435864,0.0,22639.50387828511,Walk
1.114614406750186,0.524403047544441,1.3291983761950321,1.4232318618148565,-0.34512335872432837,1.3888505060736207,0.0,15046.266936297341,Walk
1.909881153392871,4.890900402424643,2.9220791266681894,2.4496992180496453,-0.12855796022185437,2.4111535531662414,0.0,60931.41378298159,Walk
2.2174618413819753,5.295735015962893,3.195758444242624,2.9817444461584093,-0.0022286609715471695,17.83881209593693,0.0,75650.07611753761,Walk
1.2516885333703947,0.8876155251355184,1.5666332403298637,1.774969060055446,0.09588624999703216,7.833950510956036,0.0,20105.365167712847,Walk
1.4866774242242586,1.1719071828519216,1.8390532745274124,1.9510899547184817,-0.25672216190490876,4.293945193440189,0.0,27961.638017707137,Walk
1.4595083777847178,1.1247517193373744,1.8041386931611305,1.7981947974860668,-0.3063137253684302,0.6032468036814359,0.0,26925.436240981096,Walk
1.2971246584124634,0.9110936841332123,1.6104738630585913,1.634764628559351,-0.0471575943842375,1.371452360820409,0.0,21380.79445589463,Walk
1.5264234634182046,1.082071735591164,1.8471708976878103,1.9639281306194607,0.06480067251599396,11.141617640026722,0.0,28710.125040825045,Walk
1.5610075208570782,0.9320866193831782,1.8354375771340032,2.0622297046112363,0.12623928371195992,8.301014174444507,0.0,29029.240659043327,Walk
1.6282600181216378,1.4402137364439433,2.022731920709569,2.29025595985353,0.17029687828772397,0.5579709903598974,0.0,33713.37796028558,Walk
1.7300246696105666,2.2024540520772904,2.2793506552389964,2.335144995204173,0.18402759045629255,30.44759828994042,0.0,40943.29488648955,Walk
1.1271509605039878,0.8894651293699429,1.4696715337567796,1.4304320592060684,0.45332224952057004,0.5844129517265985,0.0,17152.793783093446,Walk
1.279861573530879,0.8234213075132841,1.5689062925854502,1.6794245209917427,0.1536102678067982,1.6633763403684456,0.0,20497.792537743895,Walk
1.5250105549901465,1.3562258682510973,1.9188233532773287,2.0036918984167276,-0.05716973959778746,2.5569706051405894,0.0,30038.621555285885,Walk
1.3431956725040317,1.1554362233197673,1.7203519517683945,1.7758236854337155,-0.4097670675752065,0.5655991295863438,0.0,23818.927436399812,Walk
0.938531792008977,0.5351590979522501,1.1899584121152433,1.249900943689063,-0.35562371933522324,0.19285240324209016,0.0,11484.346707658024,Walk
1.4453243619807825,1.5008784111097713,1.8946875527233844,1.8952037090771046,-0.01184172482695431,1.2312605964894399,0.0,28396.776038058946,Walk
2.512893302197134,3.445944162577259,3.1241922013225234,3.3035180860897526,0.2658190630326378,6.465999502612725,0.0,80376.11627474203,Walk
1.6740590338680517,3.997852868964872,2.6077435682674217,2.2250792746944352,-0.022599271821818572,9.79757050653622,0.0,48018.36889586468,Walk
1.6498208797658105,0.7313626459756024,1.8582980334937762,2.2918000714294613,0.1313488848787771,28.79495239816298,0.0,30876.01067746056,Walk
1.2476504224037572,0.9138384253262251,1.5717728849456905,1.731492663603276,0.2031605904309739,4.835557704152095,0.0,20137.203206673188,Walk
1.2059896266178722,1.0989275102922846,1.5979169220589033,1.6055954184941947,0.14800446689410213,1.5260478422058974,0.0,20039.138941783436,Walk
1.6704487449980048,1.7275505964774294,2.1255468957759645,2.1177992081083357,0.41623489477089604,1.7813898908308212,0.0,36541.743091594755,Walk
1.6395343708876806,1.6616655908463327,2.085602681281455,2.1085280002727815,0.37380733421538026,1.1831489740644023,0.0,35189.17233599974,Walk
1.693785592701162,1.477679591958118,2.084847530636268,2.1922457788865723,0.1580099514545873,3.7949479045586494,0.0,36079.464502158815,Walk
1.9350032256870755,3.139833193621253,2.6237512605124444,2.598327598660253,0.07166581544249007,5.0671900978183055,0.0,53141.72742491776,Walk
5.936209243598854,18.85454095256272,7.3548025898967,8.924796086275018,0.0712667085090652,0.004531745899391474,0.0,446658.52092525567,Jump
7.754559572388409,31.402744559552552,9.567441597484317,11.659185653566382,0.0290047092968598,0.010842521003050333,0.0,758371.3080339818,Jump
8.558724957211096,44.303839753581215,10.842306610992392,13.134266931181774,0.02680700114307304,0.008469983411536269,0.0,954054.1507752758,Jump
8.421960545405348,42.272805192678746,10.63965340699795,13.327261521797627,-0.025255083066100876,0.007692193674916019,0.0,920670.9020256334,Jump
8.421367997280292,39.25301546862414,10.496306703514374,13.392392606781796,-0.033706291560083625,0.0034308861293361735,0.0,905479.3375076896,Jump
8.697273230498956,41.378310737586204,10.817618609635856,13.689365727351978,0.011896500322036442,0.003586554915313707,0.0,963317.9385659585,Jump
8.440292167166392,40.834307499842154,10.586446021539642,13.4938711817516,-0.0285028339161848,0.003907664681606097,0.0,916566.3905386564,Jump
7.9850203465921865,38.94875893044864,10.134560121975685,13.04168917158153,-0.01659854256858428,0.007703112906755984,0.0,832349.790400933,Jump
7.167494777333742,33.187959120081146,9.195702284392835,10.409305260593538,0.10282983281028768,0.043006006800857526,0.0,679677.0745127236,Jump
8.360184982226313,30.15340222253943,10.00230449244482,12.573048648331314,0.05067012442275881,0.01933967247410754,0.0,849695.1798922067,Jump
8.021499389133492,33.627616632659425,9.898084111712144,12.60282526774332,0.05019300129419813,0.011274878559747986,0.0,811582.8854818044,Jump
8.275964852203087,38.97662830197116,10.366688118047731,12.960133065320552,-0.01120487379996727,0.006664759401504571,0.0,879799.0839078294,Jump
8.311018479041673,44.47627984039069,10.655951764125193,12.954099787194282,-0.057949832820644,0.0010483065979900192,0.0,913128.8082913038,Jump
8.1643522380926,43.066034151272525,10.474859503540856,13.070809449050575,-0.07003241575633486,0.0017926174741107609,0.0,881952.0364016227,Jump
7.8632137258299535,36.76645987194908,9.929581560671611,13.090976701229811,-0.08747291636808464,0.008547803103706224,0.0,802133.6111097356,Jump
8.089040783475665,39.60013117202346,10.248546822294175,13.613102886285633,-0.03299679109981904,0.01383740145324464,0.0,852382.6828424095,Jump
8.521395345883894,39.903890792472346,10.607453484853187,14.326410068627446,-0.01080795759956042,0.020051331723145466,0.0,925677.3104666759,Jump
6.517867308802937,25.791534743421515,8.262816045307046,9.612708969246595,-0.03004924928148588,0.11892327338212742,0.0,553799.3162562768,Jump
8.103566187272964,29.37138713834337,9.748803623514892,12.17991188827902,0.037323457994498314,0.016287878477800857,0.0,803551.9856732024,Jump
8.660199126682475,35.61645283831477,10.51739044402682,13.171270849406719,-0.02462716811491798,0.10131323448321373,0.0,928080.5016833717,Jump
8.883477240131338,37.18903129482032,10.775212256412948,13.26283920360729,-0.00699600131250918,0.04114610102533895,0.0,975107.2687389714,Jump
8.487658522676496,39.434596877359574,10.558169541872424,12.781230910439044,0.07219574862159789,0.01999339806323161,0.0,917612.8717523605,Jump
7.544545907530798,35.059986902099126,9.590628751700217,11.860622715223581,0.038203457687050114,0.04734509923954921,0.0,744613.0559315477,Jump
7.994810025227713,37.07377731162943,10.04941613483644,12.701772101838142,-0.06568970816986014,0.04886257320757539,0.0,824548.1237816222,Jump
8.646408990570997,39.03343568455757,10.66741881228934,13.842009755317122,-0.06688962528947741,0.03521294344521466,0.0,942840.9124045946,Jump
7.466238742109148,20.60695905230501,8.737944838832334,11.242038898840546,0.07648162255684536,0.1595633672766498,0.0,660516.7451102192,Jump
7.17317904579772,21.00981972569883,8.512597567650566,11.137609876152128,0.011588038727641114,0.4744829340558237,0.0,619595.103334561,Jump
7.263106697296,22.8719435280188,8.696244156204724,11.276225570554379,-0.021847376767545945,0.31645786524693414,0.0,641920.2563691597,Jump
8.077466624340083,34.93549896614949,10.00904421178553,12.892052128559444,-0.07801245919118326,0.235889010717884,0.0,827152.7571312353,Jump
8.58744828329543,38.80948813176046,10.609135504367645,13.766512517267838,-0.020547542795538904,0.21936621448540683,0.0,931490.8224617442,Jump
8.010851046619713,31.608492087835348,9.78683945811739,13.02176677609794,0.05302962405762326,0.03129285288792178,0.0,799781.1913299974,Jump
6.795014998700045,22.795137359455904,8.304659306197605,11.242078301256988,-0.016677832693482438,0.013682801128815238,0.0,575698.9682027422,Jump
6.345621032091023,17.02077137753904,7.568862375578973,10.370751827808563,-0.06348420779375981,0.09956198442638609,0.0,487777.06743516645,Jump
7.29844242101553,33.1998345805606,9.298768539620696,11.168174001930748,0.02483066631946713,0.0010606204771182312,0.0,698684.1753833954,Jump
8.843197004218776,40.87737253156506,10.912355647933632,13.678162871161476,0.024134915337587395,0.00662069812619747,0.0,986423.0886650039,Jump
8.734016692913618,43.38967788523627,10.939502981275245,13.711925151348114,0.021103497869335117,0.003571472940241382,0.0,979789.9524080848,Jump
8.737554249520807,44.46259875360507,10.991244379819975,13.773430095650255,-0.025986583529350658,0.0028545983672270177,0.0,985784.1789535879,Jump
8.841900691513713,44.23289241421669,11.064000192191223,13.835216260976159,-0.01796345700044185,0.006786766966021761,0.0,1002956.7044490057,Jump
8.682080132555546,42.045119662639394,10.836218671231912,13.748256526081823,-0.027197042099821073,0.02800948211333836,0.0,964010.783034567,Jump
8.631048689906159,36.946891252550884,10.556604223900871,13.869747323635966,0.010843707323074344,0.03862426471464639,0.0,929684.6541440056,Jump
8.58475051840037,39.01215265694369,10.61650103000603,13.955403251368553,-0.06176408333082994,0.02601619595881814,0.0,932040.3039401894,Jump
6.970814994740003,24.377431242912536,8.54222997429855,10.7045489784237,-0.03825891661147276,0.03296121528291289,0.0,607886.0922718608,Jump
8.454009787548436,32.21474184406846,10.182584314997504,12.979381974528078,-0.04122708369977772,0.09347216608552585,0.0,875794.9956431509,Jump
8.872911951435219,33.332805185657115,10.585904386663383,13.476240968669298,0.03721574873508265,0.09221360184459743,0.0,953956.5674274205,Jump
8.668619781963578,30.295170848995614,10.268404928383273,12.797133826129139,0.007292083638409771,0.028889991001647936,0.0,902941.7842558437,Jump
8.169748683106578,31.577569943126,9.915763384038954,12.385341516975313,-0.022961582521287105,0.012006917622153624,0.0,825425.1723374422,Jump
6.881776298579393,29.01359211770846,8.739132516525741,10.957394981626422,0.02472249967977404,0.0172067719033399,0.0,618656.875315836,Jump
6.126386954440876,23.51440714044874,7.813259515464213,10.053543209806085,-0.06031620795993756,0.025422761034413224,0.0,492939.1107620998,Jump
7.195212207599636,29.867438853077537,9.035403564062225,12.0096063503623,-0.10090162493288517,0.019303545895055504,0.0,667067.5512260639,Jump
5.796716139175861,12.073881704484442,6.7583873596196264,8.193254572069272,-0.0017453325834746135,0.02483169734381206,0.0,396389.68057300494,Jump
6.21746866667795,11.704311629385375,7.096564538599466,8.733718976480887,0.006380916630538802,0.027611723809632293,0.0,445094.6946573837,Jump
6.50218993884982,11.356934895313207,7.323619931167443,9.367122013438493,0.03998912424935649,0.019455796190157304,0.0,479586.9248961193,Jump
7.090117493519609,12.794401745449958,7.941295096982781,10.525803497843444,0.017567001165201265,0.026843098620804768,0.0,566718.4583056213,Jump
6.6626921531042775,13.830771146678446,7.630349787114333,9.913936232090927,0.011440000687725842,0.036586062744227356,0.0,513074.8348042418,Jump
6.227248298851772,14.564602810177622,7.30364458238008,9.209089938760735,0.006650875072615844,0.01840804081860233,0.0,460619.3718397155,Jump
7.193088401453959,25.283064954164594,8.776308204780417,10.657552486713975,-0.038032958305751284,0.014417625965958416,0.0,643843.3941681957,Jump
7.607230220363215,26.917169050956563,9.207992217446968,11.127919351309538,-0.028701292287247878,0.008405202057832462,0.0,713305.9273735808,Jump
0.18053208693423844,0.009401486957489557,0.204922720483408,0.26152827018842795,0.015350958138393843,1.1277395580615386e-05,0.0,373.1039266836103,Stand
0.11973375015752585,0.004339468234096394,0.13665884223452657,0.1713761996501124,0.009947666710553065,6.346213565133699e-07,0.0,165.1744764393622,Stand
0.11715293844707686,0.003930261087914338,0.13287239018960606,0.1676046795074943,-0.012836083224974563,2.1536101958181341e-07,0.0,156.9483959664364,Stand
0.12456805775152874,0.0033214384563693077,0.13725392332591996,0.1749832599361979,-0.008210124926020695,2.7705553554907087e-07,0.0,172.4698244557078,Stand
0.11194393618322648,0.00404302437477777,0.12874187051216882,0.15594078025191252,0.002503875026789806,1.7330398332078363e-07,0.0,145.72179747796696,Stand
0.1412963103496328,0.00880618644687562,0.1696196738745107,0.19357200979437025,0.00010770844761282532,5.782601423361989e-07,0.0,243.67940994673762,Stand
0.15364804555288936,0.006944507144919957,0.17479195933206632,0.2135300194111914,-0.003054791556981702,7.929008607862462e-07,0.0,270.7998204051976,Stand
0.12901767439264164,0.003797361793326054,0.14297874701861024,0.18143616995424952,-0.0077604999952018165,3.419535218263051e-07,0.0,185.44298196373828,Stand
0.12341850477883551,0.004183725356222431,0.13934077894882702,0.17754242044262342,-0.006698541681592653,1.3815082459161186e-07,0.0,173.4849023766416,Stand
0.28367797348289775,0.03949536042153559,0.34636476879281364,0.4087281397276091,0.026885374899332713,0.00012216852533843475,0.0,1002.5978821078389,Stand
0.2630178276756757,0.041359031707490515,0.33247166703754166,0.37475579005142207,0.010586125060605515,8.587484310022707e-05,0.0,898.6831906995076,Stand
0.14720226599926514,0.007670878691475611,0.17128743621992254,0.20909871029260096,-0.013101916611194598,4.429455798181514e-07,0.0,255.24227511050483,Stand
0.11471945703069741,0.0035580290320951138,0.12930035906181056,0.1654569898951739,-0.006193916706057879,7.352330311249944e-07,0.0,149.39662746108925,Stand
0.10477934106153913,0.002505611245753302,0.11612201151824593,0.15191659955817144,-0.009240916642981252,1.707040633063599e-07,0.0,122.43071484349775,Stand
0.08965440540042667,0.0016691315243523924,0.098524331675259,0.13144420983560834,-0.005689291701031216,2.4909654177461702e-08,0.0,88.7685373014077,Stand
0.09013524485947354,0.0018980866805978379,0.10011218230802425,0.12970083028565554,-0.00023925000801681742,1.6480062582414318e-08,0.0,90.73504268795875,Stand
0.08622478978984273,0.0018631762348493477,0.09642557030763112,0.12260861016526164,0.0008602916402742324,2.2161128724150655e-08,0.0,83.68317062480233,Stand
0.08518319608653796,0.0024254349408784123,0.09839518197755409,0.12176253994162821,0.0023750833002850343,2.3938092013084553e-08,0.0,84.79268549704975,Stand
0.15633123747480468,0.007382597823150321,0.178387369602094,0.2186711794324218,0.012385083328311633,6.797244938838363e-06,0.0,281.4227766826912,Stand
0.1295032352055778,0.005033265584299147,0.14766297272170278,0.18003257974964057,0.00894116665547092,5.075080706055771e-07,0.0,192.87721449776535,Stand
0.11213245789291537,0.005007940585543294,0.13259573408918454,0.15943322005081412,0.0059817083614567895,4.6032890170478327e-07,0.0,150.80664170997443,Stand
0.09462958552682896,0.003328994347330995,0.11083209284458376,0.13623049998539485,0.004746958296746012,2.728876812432126e-07,0.0,106.19820665021868,Stand
0.09410218295421784,0.0030702115577209955,0.10920362811953674,0.1384596901532494,0.006210874874765668,8.499756106963552e-08,0.0,103.90579627659038,Stand
0.11063318904785348,0.0036964773591168978,0.12623858315909198,0.16015236013423403,0.003766124909743665,2.865893433193138e-07,0.0,140.8801717009956,Stand
0.12064881310327197,0.0041088723072013125,0.13661994148157713,0.17224804017110715,-0.0021271251110980866,1.7579907186157832e-06,0.0,166.11102451145595,Stand
0.13273409415175683,0.004298975339862016,0.14804497657857038,0.1892681506447842,-0.012147208359092459,1.2991055242356978e-06,0.0,197.96809066464212,Stand
0.17148000835310795,0.008031850968024756,0.193487064768699,0.23968194984248833,0.0006182916198546754,2.0721504627262265e-06,0.0,334.28675941871666,Stand
0.14773011322800655,0.007417980657738324,0.17100341228203012,0.2081333903089397,0.0053409582500656425,1.2173548316197189e-06,0.0,255.3361650553837,Stand
0.14181519470904588,0.006601167849475093,0.16344025605657772,0.19824734048277592,0.004359208292638258,3.379555842328955e-07,0.0,234.23532788368922,Stand
0.14547422347836853,0.006465259337122604,0.16621675316813556,0.20461678031191682,0.005967041573797659,4.898578281021108e-07,0.0,244.33354994130457,Stand
0.13519242060529668,0.0057173719207866125,0.15490113785865506,0.19291761015367218,0.002495166546044251,2.712811008818575e-07,0.0,211.54144349645105,Stand
0.1300632545786209,0.004868853914195186,0.14759845563480103,0.1879357895365682,-0.0005321250793834477,2.177359608487911e-07,0.0,193.552791093561,Stand
0.14478504023388766,0.005605114505288852,0.1629963876311905,0.20578246941004172,0.00195983328390867,4.09618675009229e-07,0.0,237.9445799702198,Stand
0.13700900775858693,0.007161072504451516,0.16103583673035038,0.190033509749337,0.0018663333185637932,5.450859534424798e-07,0.0,223.56000782452392,Stand
0.15231551356184306,0.007665265557749002,0.17568517646448434,0.21610190024730386,0.0005412917242695869,1.6943457049549947e-06,0.0,270.42205979233336,Stand
0.12930089048924973,0.005925816738522524,0.1504810188024904,0.1863415200208691,-0.004403666690923268,2.8895125390915577e-07,0.0,196.84959493745237,Stand
0.10484987764831866,0.0032327640559208885,0.11927389026433353,0.1540017900350357,-0.0048991250510637945,1.1500270228621356e-07,0.0,126.1003534457013,Stand
0.09345489104576506,0.002651284438768309,0.10670098921352196,0.13673018003529236,-0.0033829583087936015,2.9842898692628043e-07,0.0,100.59728886568999,Stand
0.08624349354156027,0.002862335184622059,0.1014902722573706,0.12447690997113554,0.0022714999923482554,1.9441108341589677e-07,0.0,88.69185983101197,Stand
0.09236885980986276,0.0034058924963156333,0.10926069173719206,0.12749519019862404,0.005563708307842411,8.370892995591288e-08,0.0,102.38258613010674,Stand
0.10178899865574584,0.003801253293116222,0.11900526686015056,0.13861971999867806,0.003172124976602693,1.6408246706425227e-07,0.0,122.61641420909632,Stand
0.0832374623814136,0.0025331909920558743,0.09727109609618428,0.11645612992302617,0.004928916576318438,6.224295817804371e-08,0.0,81.952497099491,Stand
0.07266212998602409,0.0012655533185310602,0.08090326601959233,0.1025407497671766,0.005053583276458073,1.355128781635396e-08,0.0,59.15084590859442,Stand
0.14481003639422899,0.007518591188946625,0.16878547872801308,0.2085223699959168,0.004607625052643318,2.656576150297472e-06,0.0,247.35748738334166,Stand
0.10345754159827684,0.0023018613873043337,0.11404088872357807,0.1516171900356129,0.0013154166828220053,2.494269726713153e-07,0.0,118.70252750944073,Stand
0.11542775010760264,0.0029825736103338035,0.1276954936763117,0.16786488048848683,-0.00018287503781417932,4.331875763431743e-07,0.0,148.50990693702252,Stand
0.12890505287018375,0.0038279627558559614,0.14298417888466133,0.18962563080713143,0.00022595822966347696,2.0131837188292306e-07,0.0,185.35098299734676,Stand
0.12331652090273014,0.005310500941359378,0.14323918901233998,0.17937838034355072,-0.00283708337539185,2.1297475961030043e-07,0.0,178.62891151100334,Stand
0.10436652724752822,0.003700014324113333,0.12079895005264897,0.15136590006703032,-0.001031708313773069,1.8303170593861265e-07,0.0,127.51069012310192,Stand
0.11183640478445275,0.0034551286195445997,0.12634282747610392,0.16171089018345797,0.0026752916894232266,3.9292555397095744e-07,0.0,142.43061594423747,Stand
0.12704361344231993,0.004735295120289827,0.14448312993831303,0.18312868028886428,0.00712754169323792,6.359279750545223e-07,0.0,185.15027495515304,Stand
0.015694520484555302,0.0005048110676519789,0.02740673349547707,0.023495239986277595,0.00036620833134900333,7.801206473354816e-14,0.0,4.988194580595228,Still
0.007544489955077347,1.0924401816734116e-05,0.008236730570984892,0.011425760010642843,0.0005119583305592338,5.059587381666924e-15,0.0,0.6238981859067617,Still
0.007810022880034879,1.3971930606747547e-05,0.008658428725433725,0.011927379994849472,0.0003891249978914824,3.659884634391635e-16,0.0,0.6813861480657462,Still
0.00778583425478646,1.4107131387356384e-05,0.008644440203411822,0.011822699997282908,0.0004257916643594625,9.165962344917665e-17,0.0,0.6767579005994264,Still
0.007680145473666022,1.0408386070555199e-05,0.008330247329295085,0.011636569990769056,0.0005069166639198801,4.2912927989612704e-15,0.0,0.6420432208537207,Still
0.007699871221009885,8.98590269085751e-06,0.008262803368772234,0.011618140005193556,0.000506916663919884,4.324831750799853e-15,0.0,0.6381820888247353,Still
0.0071376107178844584,7.613191828032395e-06,0.007652364248262853,0.010669309988584086,0.00042487499769776376,9.167900903260337e-16,0.0,0.5491442730048127,Still
0.006629340630034043,6.246554687392471e-06,0.007084822642551656,0.009973789987411535,0.0002209166654695945,4.6189918796724265e-15,0.0,0.4707250417043797,Still
0.6631424508902255,2.5701664465641314,1.7349133571267548,0.9184230417953949,0.0004954578401520845,0.05162267292318779,0.0,17461.7191393142,Still
0.011477355879067206,0.00022264827451783158,0.018824929548144135,0.017168290085828482,3.5291664923199025e-05,5.403854455102363e-12,0.0,2.43062804307149,Still
0.006257417743495056,7.858167387940577e-06,0.006856635049683433,0.00946427002954791,5.866666634873769e-05,2.1944548499929988e-15,0.0,0.4309785967730889,Still
0.006367389907702824,7.384284133858687e-06,0.006923000676771198,0.00957453001899906,-5.2249999716903296e-05,4.427938652576421e-15,0.0,0.4423579848554791,Still
0.00751261499005287,1.2726507792296582e-05,0.008316603380050277,0.011362900013864275,-0.0001191666660209667,1.484941661351495e-14,0.0,0.6289638539130977,Still
0.007817904320871906,1.3188593810949795e-05,0.008620221678196994,0.011946529993210641,-0.00015995833246659367,2.976063809746183e-14,0.0,0.677784305372784,Still
0.0075426745014680165,1.247719987956781e-05,0.00832881375194953,0.011481379950064213,-0.00017783333236973128,3.010312261871655e-14,0.0,0.6313220209812128,Still
0.01142325507202532,0.00013040778375321212,0.016152354014005648,0.01721982991413809,-0.0002039583322281663,3.030728436215765e-13,0.0,1.9570212928495754,Still
0.015815299024488683,0.0002697349055395251,0.022800407644897883,0.02390582992255061,-0.0002905833333109813,2.014408447057593e-12,0.0,3.854995392283787,Still
0.013433890733369133,0.000388818464038466,0.023859754488983476,0.019992289913261484,-0.00015949999913574534,1.6209726599365525e-14,0.0,3.7487906289017,Still
0.007536845742702163,1.0733053824539434e-05,0.008218095738906134,0.01129035998640559,-0.0001979999989271259,1.5751769506519756e-15,0.0,0.6222815528858788,Still
0.008281410917082448,1.4353969306990361e-05,0.009106905955623058,0.012654979969065455,-0.00018837499897927557,1.9744335324572773e-14,0.0,0.7579110429297349,Still
0.008743849954622263,1.2450458085736935e-05,0.009428964424298393,0.013349830014976617,-0.0001883749989792774,1.3374852928818562e-14,0.0,0.8268023036787154,Still
0.009166533146264725,2.628359168920938e-05,0.010502805416210436,0.013930330051261843,-0.00027270833185564163,1.5809519076609286e-14,0.0,0.9716986985647185,Still
0.010538805623441394,4.7958481053324424e-05,0.012610507722609916,0.016005689999183077,-0.0003024999983608767,5.050736072375148e-14,0.0,1.350555692177443,Still
0.009325151584374901,3.6179589305437836e-05,0.011096758147180082,0.014093599997868135,-0.00031670833161721374,3.6258153322815873e-14,0.0,1.053177939752239,Still
0.007495444624609973,1.0424991936515506e-05,0.008161291690480743,0.011171920030555909,-0.0003121249983087084,3.791174060957321e-15,0.0,0.6171251477332789,Still
0.020055508361547538,0.0003517331456246003,0.0274582694513821,0.029447099997960184,4.674999974667865e-05,2.4603495347765032e-12,0.0,5.78405193687281,Still
0.01961327949622894,0.00030138796690657143,0.026192913154205775,0.02869749004896207,6.416668184100982e-06,4.486999347166019e-12,0.0,5.354000603006346,Still
0.013347081464552393,0.00021863054547340246,0.01991921507225625,0.019318509997401485,-2.520833164453435e-05,6.095506211725039e-13,0.0,2.8814797257231155,Still
0.006706475957721348,1.229170618841989e-05,0.007567597106077619,0.010083089988338395,5.3624999709425e-05,2.0568706538209355e-15,0.0,0.5112761960271571,Still
0.0067062681237687735,9.301864998166903e-06,0.007367217734399062,0.010061380013594164,2.5666666527587322e-05,3.696780028260973e-15,0.0,0.496662508017772,Still
0.006720421902653765,8.5632859082218e-06,0.007329894709877506,0.010046170002242283,3.437499981373566e-05,2.946827273256678e-15,0.0,0.4962050999255889,Still
0.006797555284714747,6.95033789334488e-06,0.007290891285851015,0.010189899984397772,1.970833322654164e-05,5.066164695880973e-16,0.0,0.49787653450668573,Still
0.007485060061873681,7.14364040394528e-06,0.00794794089898772,0.01113469001216784,-4.537499975413564e-05,2.628223640355851e-15,0.0,0.5961215906015358,Still
0.0069839794055087355,7.038637328662239e-06,0.007470917324213432,0.010472820026134137,-0.00010495833276461333,7.604537008900726e-15,0.0,0.5232738467567137,Still
0.006269332847486683,5.250356596831188e-06,0.006674945014710357,0.00943673003381249,-0.000142083332563447,1.107396322428753e-14,0.0,0.41934161458410063,Still
0.025165829768997162,0.0011252351905993428,0.0419351186782807,0.03685478001358191,-0.0003084583332141274,1.0441096171135355e-10,0.0,11.961354769956381,Still
0.008290796321280092,1.4868027491582499e-05,0.009143595087958237,0.01241880001061856,-2.8874999843544687e-05,9.673946253911811e-17,0.0,0.7638229261899445,Still
0.008950880517998513,1.7683667928431293e-05,0.00988948582970402,0.013558059979768427,-3.7583333129692664e-05,1.126912064561231e-15,0.0,0.8932293989848252,Still
0.008621834945178283,1.598381099682796e-05,0.009503675542584846,0.012935130002369838,-5.774999968708366e-05,2.3545115929893164e-15,0.0,0.8232900811367615,Still
0.008233760719063773,1.4417371824369355e-05,0.009067093658012304,0.01237738004609114,-7.0124999620029e-05,4.533701365127197e-15,0.0,0.7500379778064301,Still
0.008686954949338776,2.226357627638117e-05,0.00988568472935601,0.013107329997655912,-5.774999968708601e-05,6.6867992601727036e-15,0.0,0.8662069971646278,Still
0.008579052295586968,2.1970529304364568e-05,0.009776025142908571,0.013072630003552917,-4.3083333099891664e-05,2.038671665628812e-15,0.0,0.8460685145842851,Still
0.007866339593038415,1.2005492989433472e-05,0.00859562630542052,0.011905830015457326,-4.124999977649199e-05,4.7382857601224816e-15,0.0,0.6788207698370626,Still
0.07655112287482498,0.020093691794845103,0.16110172627331357,0.10974057948827962,-9.166682139123399e-07,2.6756501525272002e-11,0.0,159.2116262335413,Still
0.03081446007305454,0.00022879588600871245,0.034326765586093086,0.0465267599698562,1.8333333233942887e-06,1.5917679073571056e-11,0.0,10.639420517157319,Still
0.020129677989216898,0.0001345260817133506,0.023232090255999645,0.030970349961717006,6.0041666341318315e-05,2.6929943524572203e-12,0.0,4.724750916633543,Still
0.013535923373179683,7.803444764049641e-05,0.016163405247814844,0.020330139945435654,1.8791666564838644e-05,3.160995517862384e-13,0.0,2.2224399621769275,Still
0.008890741065761086,3.481796336766835e-05,0.010670671959444678,0.013220319924293858,-1.924999989569336e-05,1.2588011389526727e-14,0.0,0.9652977837968146,Still
0.007585829725131037,1.322328612902893e-05,0.008412377710713572,0.01155146998469702,-0.00010862499941139901,3.0916178946560196e-16,0.0,0.6415725396197324,Still
0.007577085813044033,1.2967542117027206e-05,0.008389265255984005,0.011547930008891705,-0.00021083333219090264,3.5525449133332776e-15,0.0,0.6390675765681577,Still
0.007249881453899013,1.0696483208355475e-05,0.007953443550057063,0.010969959994617811,-0.0002603333319226834,5.924802096942027e-15,0.0,0.5811781330320851,Still
2.7581686406921064,2.452009388549327,3.171672057298274,4.158399825956439,0.05003166489613553,0.014801925242559251,0.0,88335.47411882177,Walk
3.2785928418391723,1.7780018532676136,3.5393746447397563,4.862479176726192,0.006099499523018794,0.022904854800651256,0.0,116386.8503361812,Walk
3.321839428078517,1.9681323788677378,3.6059325513387996,4.905935873035341,0.01852903991161535,0.018265254547770095,0.0,120192.48230380185,Walk
3.38628409876474,3.3316707316518532,3.8468936467231294,5.066772760543972,0.0607401661357532,0.009822616497620772,0.0,131328.47726675574,Walk
3.271123021237389,3.0296836489300616,3.705391945395155,4.822675374150276,0.06562600079147766,0.005538892295731799,0.0,122151.02633980034,Walk
2.9119001792495527,1.6249319760162815,3.178693855961888,4.287947968430817,0.013035916487375893,0.000901519979150349,0.0,92923.79732095376,Walk
3.2889124764504096,4.555564207727297,3.9207791936652665,4.819242257028818,-0.08582154176974048,0.016207502625233627,0.0,130960.34694244903,Walk
3.0835924771374477,4.416810994158186,3.7316690045094902,4.44526516713202,-0.09420308276234816,0.028040650024923713,0.0,117169.48474677354,Walk
2.4009313110467216,1.222262377886302,2.643242996444109,3.5207726518716664,-0.06130437447068592,0.014098368264499464,0.0,63757.1966237721,Walk
3.3343518350693544,5.6494020973174806,4.0947898917219,4.920071371281519,0.06712795877984414,0.032238156822476126,0.0,139427.2377816504,Walk
3.8659081139481732,7.85170397092858,4.774615117097807,5.683988542510196,0.0074062113557010895,0.001218101402450915,0.0,188711.61456383162,Walk
4.853077537765095,16.008889010872227,6.28977349341233,7.139168599126861,-0.026978415652799112,0.11868798771058953,0.0,315573.1767152259,Walk
5.310096660735447,20.861131458543277,7.004160049920121,7.904068753216416,-0.030990665859232356,0.3111421162435808,0.0,386299.10111007775,Walk
4.9591468999009,13.334510877782918,6.158542753978383,7.473719563800842,-0.06827470711742839,0.29180149433384023,0.0,312605.0315925638,Walk
4.164066669298572,5.923287433036966,4.823146137056213,6.245745533374138,-0.03145724961378923,0.17676825229048562,0.0,203012.4572213259,Walk
3.9827446801315687,5.594919186889346,4.632188939800023,5.963943663188257,-0.026228581306835006,0.17806334035094626,0.0,186611.2795406849,Walk
4.277167312763617,9.062082263664955,5.230319539477343,6.42087334677577,-0.004266624362207945,1.1870770487982594,0.0,228303.2270130307,Walk
3.851266521072975,8.557735153114688,4.836319775351112,5.631284450180829,0.011909333026657504,0.2370039510866504,0.0,191111.22387241456,Walk
3.7549905182334236,8.127333264682413,4.714582384125377,5.408844992583617,0.06398470887293418,0.2774797959284069,0.0,181645.44184982456,Walk
3.2029420260699015,2.0376625527624856,3.50663659011413,4.542539479006082,0.047796834632754324,0.05809199999563495,0.0,112786.72747269626,Walk
2.967005131633339,1.910025574018309,3.2730941057593923,4.2628757624747236,0.02805000131794562,0.02738193742172672,0.0,97582.87017801558,Walk
3.162822971849634,5.1391563875221,3.8913500920351347,4.554922875273041,0.017746666461850205,0.03776787267350489,0.0,125732.70777087311,Walk
3.8461275951558416,13.353606793327833,5.305309064658448,5.643826537821442,0.031157496950278682,1.813816830039632,0.0,214736.53534363597,Walk
3.977632379557091,12.170919262207985,5.2907918697591,5.886965609192848,0.05512191450688988,2.185227712322876,0.0,219077.3827463437,Walk
3.6761414294791046,5.98636201268952,4.415923212899222,5.368871790869162,-0.014930206065376603,0.09561583592846108,0.0,165077.01566823828,Walk
3.507349535296375,5.60360229975495,4.231442196521022,5.129591064258712,0.09013904410103957,0.10215353413429551,0.0,151041.7607286446,Walk
3.1681505315582883,4.075675135053687,3.756707724280231,4.627000460033305,0.04605150011212875,0.12474203770252086,0.0,120751.70208951448,Walk
3.634395090900467,5.722629869953213,4.351029481250917,5.372629558499902,0.060910206477468205,0.2902455184659544,0.0,160703.46259677713,Walk
3.895448809417333,6.717036933058278,4.678841561738246,5.669318095520139,-0.018453417802229522,0.25254382616787824,0.0,185331.78040244445,Walk
3.5047714736689586,6.248410122525051,4.304861577933573,5.13919181747362,-0.06576075131073594,0.05865156718605396,0.0,154076.8523659434,Walk
3.708745697046619,4.390401630293479,4.259717863386646,5.540450163036585,-0.0050925422552973035,0.023686310393390808,0.0,159503.7435628084,Walk
3.9377672343743004,4.035013405303727,4.420523068304876,5.826970139481127,0.034432290890254076,0.02699908964163406,0.0,175236.9719607931,Walk
3.8173969600480513,5.228360973026241,4.449818032640249,5.719233630078379,0.05449904136359692,0.022270811103182537,0.0,171868.0916672852,Walk
3.5047379214231142,4.813309044301122,4.134791039721637,5.254613282484934,0.11161195738706738,0.21799616793643659,0.0,146898.6564921791,Walk
3.718561896022885,5.77771790976438,4.42780086321841,5.596215484719724,0.0911977916319544,0.061620903536139505,0.0,167168.57533838841,Walk
3.8370328017682187,7.491033938852431,4.713157610424003,5.733873405369813,0.04006016495482376,0.06004645899158589,0.0,184692.6631335772,Walk
4.0553333744034585,6.631094842304127,4.803834262321575,6.027556727330084,0.022795664784498515,0.1676680494266739,0.0,197612.90518507492,Walk
3.470988800408619,4.426293155203663,4.058824510589947,5.121876601865515,-0.02877049917665621,0.10079179299147607,0.0,142620.58998453905,Walk
3.008770439712154,5.0563806870861665,3.756205564924773,4.259334399150685,-0.028869040620823707,0.23038220836107634,0.0,115815.95988798831,Walk
3.0983813039333756,4.619766448481429,3.7709061448205405,4.512731987461447,0.0031840421802674704,0.19261387882372208,0.0,119106.71173861228,Walk
3.215488834732591,3.5481292456372704,3.7265933091668635,4.836439220197499,0.06619295843876899,0.03960090997447526,0.0,121135.43503244386,Walk
3.220138076882533,2.821171070552089,3.631867330278025,4.740784342121333,0.07735795901312183,0.038877018504243556,0.0,117802.62201327842,Walk
3.7740425857331887,6.806865332385368,4.588056535322229,5.398829966373742,-0.019777541438428064,0.38902929700024086,0.0,176469.77279085974,Walk
4.789666508898503,7.076807274219278,5.478842262803635,6.818182919304818,-0.006218665156823892,0.7164237825304894,0.0,264796.30395069707,Walk
4.744933339432368,8.246635256159434,5.546262493951782,6.895646239053458,0.010175456882764894,1.2797052705579042,0.0,266386.18752159266,Walk
4.97798478112994,11.593030760469578,6.0310333477465425,7.2754352564550935,0.09543141421551504,1.245835611058057,0.0,305768.6177883936,Walk
4.7647519389433635,10.627390779485772,5.7732358187718535,7.123458938095719,0.08095312627808501,0.7199375227815968,0.0,280165.59889464313,Walk
4.358956063624782,8.956448460038033,5.287432876609337,6.618626332236454,0.07337870961986481,1.3140818514404438,0.0,234793.17394653798,Walk
4.07289033132135,10.885566144328921,5.2415648231515615,5.971038778652437,0.05078149932281425,1.178376702763197,0.0,220321.91624866865,Walk
3.795373571573496,10.05497238932554,4.945688317830401,5.397959233713336,-0.048244625711813566,0.5753529820643056,0.0,194325.49267632884,Walk
